degree,num_advice,num_lookup,num_fixed,lookup_bits,limb_bits,num_limbs,num_aggregation,proof_time,proof_size,verify_time
14,211,27,1,13,91,3,2,32.068456805s,95808,41.939935ms
15,105,14,1,14,90,3,2,29.592944868s,48000,25.821288ms
16,50,6,1,15,90,3,2,24.227262507s,22752,16.450496ms
17,25,3,1,16,88,3,2,23.184939414s,11520,11.085296ms
18,13,2,1,17,88,3,2,22.625044197s,6080,9.08998ms
19,6,1,1,18,90,3,2,23.618713709s,3072,8.563122ms
20,3,1,1,19,88,3,2,33.730882422s,1920,8.114828ms
21,2,1,1,20,88,3,2,54.621869737s,1344,6.109746ms
22,1,1,1,21,88,3,2,88.864396689s,960,6.674236ms
